,Logistic Regression,Adaboost,Gradientboost,KNN,XGBoost,Random Forest,Random Forest - Bagging
Accuracy,0.82475,0.9850125,0.9917,0.9461625,0.9936,0.9947,0.9663375
Recall,0.47646230901084696,0.629998502448911,0.8033499379079427,0.6037141004475999,0.7218529739500642,0.7156201770823252,0.7899264489993214
Precision,0.6938317871537966,0.6285062945815032,0.8399523019202062,0.7569512081922503,0.8587327667632294,0.951962678230448,0.6072344973939172
F1-Score,0.4979334843160799,0.6272045930865666,0.8202485429506503,0.6264883128193703,0.7419813969538744,0.7325714779636551,0.6304854039848267
