,Logistic Regression,Adaboost,Gradientboost,KNN,XGBoost,Random Forest,Random Forest - Bagging
Accuracy,0.83435,0.9865125,0.9922875,0.9463375,0.9937375,0.9949875,0.9703
Recall,0.49222704364552505,0.6466616076282301,0.8029625307598787,0.6105008482675107,0.7197795289065382,0.7272549380708547,0.7891746657130972
Precision,0.7071163148000743,0.6328246032679163,0.8187607645700519,0.7670164676687028,0.7863641237104978,0.9549362378837231,0.6149891089991968
F1-Score,0.5213938548968425,0.6394117759884792,0.8105062918107186,0.6344439062442422,0.7365035029462371,0.7510873655299675,0.6377161406832877
