,Logistic Regression,Adaboost,Gradientboost,KNN,XGBoost,Random Forest,Random Forest - Bagging
Accuracy,0.784225,0.756175,0.989675,0.930475,0.1020375,0.9930625,0.954825
Recall,0.4232989237511082,0.32904653241532694,0.8381815245441929,0.5813701371799973,0.031653590937054533,0.7177019128099243,0.7141045454588749
Precision,0.5076296675857207,0.35302924812025804,0.8063860858159875,0.6223864933079493,0.011780198952521956,0.7583070428612713,0.5905845166883681
F1-Score,0.4212816107326173,0.2966652704194059,0.8131649006129325,0.5917599189403725,0.009223177149601825,0.7270894360852727,0.5947256732663357
