,Logistic Regression,Adaboost,Gradientboost,KNN,XGBoost,Random Forest,Random Forest - Bagging
Accuracy,0.987325,0.9951,0.99575,0.9907875,0.9923875,0.9969875,0.98935
Recall,0.8444590137662078,0.9587326265750615,0.954903439821599,0.9169856836854079,0.9162441475412932,0.973485634176885,0.994026881326597
Precision,0.8699054526287752,0.9373701121070837,0.9525493656102749,0.8896664614606458,0.917329795515111,0.9617228688698429,0.8439665013686662
F1-Score,0.8567026488105542,0.9477827903412894,0.9537231870359265,0.9028363402192865,0.9167862254066339,0.9675263645622466,0.9046499916065134
