,Logistic Regression,Adaboost,Gradientboost,KNN,XGBoost,Random Forest,Random Forest - Bagging
Accuracy,0.9869,0.9953125,0.9958,0.9909625,0.994325,0.997,0.9898375
Recall,0.8328210903304822,0.9542775540107227,0.9550399249848898,0.9194942811697091,0.9417237578305395,0.9700096268575175,0.9945385937617993
Precision,0.8718119049187039,0.9458247158543125,0.9545738340425611,0.8931361516003584,0.9367985328792245,0.9657129191066971,0.850398836344658
F1-Score,0.8511748372663235,0.95000927752823,0.9548067536787302,0.9058624441233427,0.9392465788932285,0.9678508829647829,0.9093396991584277
