,Logistic Regression,Adaboost,Gradientboost,KNN,XGBoost,Random Forest,Random Forest - Bagging
Accuracy,0.783575,0.7235125,0.99035,0.9320125,0.270375,0.99285,0.906525
Recall,0.41631880007484195,0.34866691360785007,0.8155067339763804,0.5805474496570087,0.08718008609699048,0.7112301037535651,0.648674697007801
Precision,0.501909423783412,0.38590142575613084,0.8286726098891906,0.6254267113655121,0.11305557089700263,0.7548033273774758,0.5533391426212277
F1-Score,0.40905775228122354,0.32304480495454596,0.8177361390132184,0.5895625162217882,0.07579686435598443,0.7192931892932011,0.5309712166126587
